NTP Number,AREA,SOW TSD Date,Vendor Assignment,Date Assigned,Assigned Supervisor,Penguin ID,HHP,On Track or In Jeopardy,Permit Status,Blockers/Risks,Door Tag Date,SOW Received,SOW Estimated Cost,NTP Received,Constuction Status,Locate Date,QC Requested Date,QC Walkout Date,Passed QC Walkout,QC Received From Tillman,Footage UG,Actual Redline Completed Footage UG,Fiber Placement and Splice Only Footage ,UG Percentage Complete,Construction Start Date,Fiber Placement  Percentage Complete,Splicing Percentage Complete,Construction Total Percent Complete,Notes,,,,,,,,,,,,,,,,,,,,,,,,,,,,,,,,,,,,,,,,,,,,,,,,,,,,,,,,,,,,,,,,,,,,,,,,,,,,,,,,,,,,,,,,,,,
BHUD-FML-05-E,St Petersburg,4/18/2025,Bartlett Fiber,4/25/2025,Caten,PPM93366,0,On Track,Received,,,Yes,"21,246.20",Yes,Not Started,,,,,,"1,554",,0,0%,,0%,0%,0%,,,,,,,,,,,,,,,,,,,,,,,,,,,,,,,,,,,,,,,,,,,,,,,,,,,,,,,,,,,,,,,,,,,,,,,,,,,,,,,,,,,,,,,,,,,,
D-HNP106/D-H0102C,St Petersburg,11/30/2025,Power Connect ,3/27/2025,Robert,PPM93922,69,On Track,Received,,3/25/2025,Yes,"67,734.50",Yes,In Process,3/28/2025,,,,,"4,822","1,914",0,40%,5/7/2025,0%,0%,0%,,,,,,,,,,,,,,,,,,,,,,,,,,,,,,,,,,,,,,,,,,,,,,,,,,,,,,,,,,,,,,,,,,,,,,,,,,,,,,,,,,,,,,,,,,,,
D-HNP107,St Petersburg,11/30/2025,Power Connect,3/18/2025,Robert,PPM90859,85,On Track,Received,,3/19/2025,Yes,"72,382.50",Yes,Locates Called,3/27/2025,,,,,"6,041",,0,0%,,0%,0%,0%,,,,,,,,,,,,,,,,,,,,,,,,,,,,,,,,,,,,,,,,,,,,,,,,,,,,,,,,,,,,,,,,,,,,,,,,,,,,,,,,,,,,,,,,,,,,
D-HNP108/D-H0102E,St Petersburg,11/30/2025,Longo Underground,3/27/2025,Tim,PPM91941,89,On Track,Received,,3/25/2025,Yes,"72,131.50",Yes,Locates Called,4/1/2025,,,,,"6,182",,0,0%,,0%,0%,0%,,,,,,,,,,,,,,,,,,,,,,,,,,,,,,,,,,,,,,,,,,,,,,,,,,,,,,,,,,,,,,,,,,,,,,,,,,,,,,,,,,,,,,,,,,,,
D-HNP110/D-H0102G,St Petersburg,11/30/2025,Power Connect ,3/27/2025,Robert,PPM94012,54,On Track,Received,,3/25/2025,Yes,"48,215.50",Yes,Locates Called,3/28/2025,,,,,"3,796",,0,0%,,0%,0%,0%,,,,,,,,,,,,,,,,,,,,,,,,,,,,,,,,,,,,,,,,,,,,,,,,,,,,,,,,,,,,,,,,,,,,,,,,,,,,,,,,,,,,,,,,,,,,
D-HNP111/D-H0103A,St Petersburg,11/30/2025,Telecom Fiber,3/27/2025,Betsy,PPM92084,86,On Track,Received,,3/25/2025,Yes,"84,226.50",Yes,Locates Called,4/2/2025,,,,,"7,020",,0,0%,,0%,0%,0%,6.27.25 switched to telecom fiber.,,,,,,,,,,,,,,,,,,,,,,,,,,,,,,,,,,,,,,,,,,,,,,,,,,,,,,,,,,,,,,,,,,,,,,,,,,,,,,,,,,,,,,,,,,,
D-HNP113,St Petersburg,11/30/2025,BFI / Longo Underground,3/19/2025,Tim,PPM90871,70,On Track,Received,,2/28/2025,Yes,"56,262.50",Yes,In Process,3/28/2025,,,,,"4,870","3,756",0,77%,4/7/2025,0%,0%,0%,5.5 JW | WAITING ON CLEAR LOCATES..5-7-25 switched to BFI,,,,,,,,,,,,,,,,,,,,,,,,,,,,,,,,,,,,,,,,,,,,,,,,,,,,,,,,,,,,,,,,,,,,,,,,,,,,,,,,,,,,,,,,,,,
D-HNP114_H0103D,St Petersburg,11/30/2025,Lightspeed In-House,2/12/2025,Betsy,PLK88966,81,On Track,Received,,2/14/2025,Yes,"70,635.00",Yes,In Process,2/8/2025,,,,,"6,092","4,227",0,69%,3/31/2025,0%,0%,0%,"Print Received From Tillman--Pending Permit, and NTP Package/rec dot, need city/county",,,,,,,,,,,,,,,,,,,,,,,,,,,,,,,,,,,,,,,,,,,,,,,,,,,,,,,,,,,,,,,,,,,,,,,,,,,,,,,,,,,,,,,,,,,
D-HNP115/D-H0103E,St Petersburg,11/30/2025,Lightspeed In-House,3/27/2025,Johnnie,PPM94017,87,On Track,Received,,3/25/2025,Yes,"75,191.50",Yes,Locates Called,4/1/2025,,,,,"6,387",,0,0%,,0%,0%,0%,"04-15-25 Switched to  MTX ,HDD Being off boarded. 4-29-25 reassigned to BFI",,,,,,,,,,,,,,,,,,,,,,,,,,,,,,,,,,,,,,,,,,,,,,,,,,,,,,,,,,,,,,,,,,,,,,,,,,,,,,,,,,,,,,,,,,,
D-HNP117/D-H0103G,St Petersburg,11/30/2025,Lightspeed In-House,3/27/2025,Betsy,PPM93990,60,On Track,Received,,3/25/2025,Yes,"47,849.00",Yes,In Process,3/28/2025,,,,,"4,194","2,377",0,56%,5/7/2025,0%,0%,0%,,,,,,,,,,,,,,,,,,,,,,,,,,,,,,,,,,,,,,,,,,,,,,,,,,,,,,,,,,,,,,,,,,,,,,,,,,,,,,,,,,,,,,,,,,,,
D-HNP135/D-H0106G,St Petersburg,11/30/2025,Lightspeed In-House,3/27/2025,Johnnie,PPM94426,70,On Track,Received,,3/25/2025,Yes,"67,735.50",Yes,In Process,5/2/2025,,,,,"6,152","3,306",0,53%,5/15/2025,0%,0%,0%,6/17/2025 JW | WORK STARTED TODAY ,,,,,,,,,,,,,,,,,,,,,,,,,,,,,,,,,,,,,,,,,,,,,,,,,,,,,,,,,,,,,,,,,,,,,,,,,,,,,,,,,,,,,,,,,,,
D-HNP144,St Petersburg,11/30/2025,Lightspeed In-House,3/19/2025,Betsy,PPM90863,79,On Track,Received,,3/19/2025,Yes,"67,925.00",Yes,In Process,3/20/2025,,,,,"5,825","1,257",0,20%,5/52025,0%,0%,0%,,,,,,,,,,,,,,,,,,,,,,,,,,,,,,,,,,,,,,,,,,,,,,,,,,,,,,,,,,,,,,,,,,,,,,,,,,,,,,,,,,,,,,,,,,,,
FB-H0205A,St Petersburg,7/30/2025,Splice Only,TBD,Eric,PPM90591,0,On Track,Received,,2/28/2025,Yes,582.00,Yes,In Process,Not Required,,,,,0,0,3,100%,,0%,0%,0%,,,,,,,,,,,,,,,,,,,,,,,,,,,,,,,,,,,,,,,,,,,,,,,,,,,,,,,,,,,,,,,,,,,,,,,,,,,,,,,,,,,,,,,,,,,,
FB-HNP104,St Petersburg,11/30/2025,Lightspeed In-House,4/1/2025,Johnnie,PPM90880,0,On Track,Received,,3/25/2025,Yes,"29,634.15",Yes,In Process,3/27/2025,,,,,"1,831",212,0,11%,5/13/2025,0%,0%,0%,5/14/2025 JW | LOCATES SENT TO LAUREN TO BE CALLED IN 5/15/2025,,,,,,,,,,,,,,,,,,,,,,,,,,,,,,,,,,,,,,,,,,,,,,,,,,,,,,,,,,,,,,,,,,,,,,,,,,,,,,,,,,,,,,,,,,,
FB-HNP111,St Petersburg,11/30/2025,FCA ,4/1/2025,Betsy / Allen ,PPM92372,0,On Track,Received,,3/25/2025,Yes,"17,203.45",Yes,Locates Called,3/26/2025,,,,,"1,157",,0,0%,,0%,0%,0%,04-15-25 Switched to MTX. HDD Being off boarded.,,,,,,,,,,,,,,,,,,,,,,,,,,,,,,,,,,,,,,,,,,,,,,,,,,,,,,,,,,,,,,,,,,,,,,,,,,,,,,,,,,,,,,,,,,,
FB-HNP118,St Petersburg,11/30/2025,Lightspeed In-House,4/1/2025,Johnnie,PPM92375,0,On Track,Received,,3/26/2025,Yes,"13,442.35",Yes,Not Started,3/26/2025,,,,,831,,0,0%,,0%,0%,0%,5/14/2025 PENDING LOCATES / WORK BEGIN TDB,,,,,,,,,,,,,,,,,,,,,,,,,,,,,,,,,,,,,,,,,,,,,,,,,,,,,,,,,,,,,,,,,,,,,,,,,,,,,,,,,,,,,,,,,,,
FB-HNP133,St Petersburg,11/30/2025,Lightspeed In-House,5/2/2025,Johnnie,PPM92370,0,On Track,Received,,3/26/2025,Yes,"23,800.25",Yes,In Process,3/27/2025,,,,,"1,697",153,0,9%,5/14/2025,0%,0%,0%,5/14/2025 PENDING LOCATES / WORK BEGIN TDB,,,,,,,,,,,,,,,,,,,,,,,,,,,,,,,,,,,,,,,,,,,,,,,,,,,,,,,,,,,,,,,,,,,,,,,,,,,,,,,,,,,,,,,,,,,
FB-HNP138,St Petersburg,11/30/2025,Longo Underground,2/12/2025,Tim,PPM89817,0,On Track,Received,,2/12/2025,Yes,"19,745.25",Yes,In Process,2/8/2025,,,,,"1,534",353,0,23%,3/20/2025,0%,0%,0%,,,,,,,,,,,,,,,,,,,,,,,,,,,,,,,,,,,,,,,,,,,,,,,,,,,,,,,,,,,,,,,,,,,,,,,,,,,,,,,,,,,,,,,,,,,,
FB-HNP144,St Petersburg,11/30/2025,Lightspeed In-House,4/1/2025,Johnnie,PPM90914,0,On Track,Received,,3/25/2025,Yes,"31,186.25",Yes,In Process,3/27/2025,,,,,"2,003",225,0,11%,5/8/2025,0%,0%,0%,5/14/2025 CAUGHT UP TO LOCATES ,,,,,,,,,,,,,,,,,,,,,,,,,,,,,,,,,,,,,,,,,,,,,,,,,,,,,,,,,,,,,,,,,,,,,,,,,,,,,,,,,,,,,,,,,,,
FX4-FAL-01,Palmetto,10/25/2025,Pending Assignment,TBD,TBD,MAN93941,0,On Track,Pending,Permits,TBD,Yes,"5,219.20",No,Not Started,,,,,,152,,0,0%,,0%,0%,0%,,,,,,,,,,,,,,,,,,,,,,,,,,,,,,,,,,,,,,,,,,,,,,,,,,,,,,,,,,,,,,,,,,,,,,,,,,,,,,,,,,,,,,,,,,,,
FX4-FGG-01,Naples,,Pending Assignment,TBD,TBD,MAN93945,0,On Track,Received,,TBD,Yes,"3,994.50",Yes,Not Started,,,,,,20,,0,0%,,0%,0%,0%,Brothers returning to site 2/13-14 to add power conduit 2/13 SL 915am ,,,,,,,,,,,,,,,,,,,,,,,,,,,,,,,,,,,,,,,,,,,,,,,,,,,,,,,,,,,,,,,,,,,,,,,,,,,,,,,,,,,,,,,,,,,
BHT-FWP-09,Lakeland,7/30/2025,Brothers,5/9/2025,Travis,PLK95075,0,On Track,Received,,5/9/2025,Yes,"133,172.15",Yes,In Process,5/12/2025,6/18/2025,6/20/2025,6/20/2025,,"13,306","8,998",0,67%,6/2/2025,0%,0%,0%,Piping complete 6-17/do we need a change order for greyed out area? Brothers sch 7-21,,,,,,,,,,,,,,,,,,,,,,,,,,,,,,,,,,,,,,,,,,,,,,,,,,,,,,,,,,,,,,,,,,,,,,,,,,,,,,,,,,,,,,,,,,,
BHUD-FWP-13-W,Lakeland,7/30/2025,Brothers,6/20/2025,Travis,PLK95092,0,On Track,Pending,Permits,6/18/2025,Yes,"144,886.00",Yes,In Process,7/2/2025,,,,,"11,054","1,704",0,16%,,0%,0%,0%,"Needs City Permit, Just Email. 6/18 COL permit rec'd, WL/DT 7.1. Still need County permit/greyed out on city portion ,need other jobs to build (1312+1310+1307bh-13w002) 7/3- need county permit",,,,,,,,,,,,,,,,,,,,,,,,,,,,,,,,,,,,,,,,,,,,,,,,,,,,,,,,,,,,,,,,,,,,,,,,,,,,,,,,,,,,,,,,,,,
BHZD-FWP-11-W,Lakeland,7/30/2025,Telecom Fiber,7/15/2025,Travis,PLK97102,0,On Track,Pending,Permits,,Yes,"60,849.90",Yes,Not Started,7/15/2025,,,,,"4,718",,0,0%,,0%,0%,0%,Sch 7-21 with Telecom,,,,,,,,,,,,,,,,,,,,,,,,,,,,,,,,,,,,,,,,,,,,,,,,,,,,,,,,,,,,,,,,,,,,,,,,,,,,,,,,,,,,,,,,,,,
BHZD-FWP-13-E,Lakeland,7/30/2025,Lightspeed In-House,5/16/2025,Anthony,PLK95389,0,On Track,Received,,5/16/2025,Yes,"53,589.80",Yes,In Process,5/16/2025,In Progress,,,,"8,305","5,853",0,70%,6/2/2025,0%,0%,0%,"Locates called in 5/16, doortags 5/16 and 5/19. Only have city of Lakeland Permit, still need APPROVED FDOT and County permits. 5/22 Jeff in market doing GPR. / 5/27- IH drill broke down, failed to pull back. / 6/2- IH drilling for 275', becket broke during 2nd pullback. / 6/4 - IH Drilling, 310' bad weather. / 6/5-IH drilling lost pullback, crew got dispatched to a different Tillman escalation. / 6/12- IH had flat tired on vac, had to move job sites after starting because FTR needed to work damaged fiber, ground was hard and drill head could not come up, incliment weather set it and was not able to complete any shots. / 7/3- Change order request sent to Tillman for more bore footage needed to continue. 7/3- need fdot permit",,,,,,,,,,,,,,,,,,,,,,,,,,,,,,,,,,,,,,,,,,,,,,,,,,,,,,,,,,,,,,,,,,,,,,,,,,,,,,,,,,,,,,,,,,,
D-HWP803,Lakeland,9/30/2025,,,,PLK97105,87,On Track,Pending,Permits,,Yes,"56,807.95",Yes,Not Started,,,,,,"4,378",,0,0%,,0%,0%,0%,"Needs City Permit, Just Email",,,,,,,,,,,,,,,,,,,,,,,,,,,,,,,,,,,,,,,,,,,,,,,,,,,,,,,,,,,,,,,,,,,,,,,,,,,,,,,,,,,,,,,,,,,
D-HWP805,Lakeland,9/30/2025,,,,PLK97109,15,On Track,Pending,Permits,,Yes,"59,869.50",Yes,Not Started,,,,,,"4,537",,0,0%,,0%,0%,0%,"Needs City Permit, Just Email",,,,,,,,,,,,,,,,,,,,,,,,,,,,,,,,,,,,,,,,,,,,,,,,,,,,,,,,,,,,,,,,,,,,,,,,,,,,,,,,,,,,,,,,,,,
D-HWP809,Lakeland,10/30/2025,,,,PLK97122,87,On Track,Pending,Permits,,Yes,"50,874.95",Yes,Not Started,,,,,,"3,874",,0,0%,,0%,0%,0%,"Needs City Permit, Just Email",,,,,,,,,,,,,,,,,,,,,,,,,,,,,,,,,,,,,,,,,,,,,,,,,,,,,,,,,,,,,,,,,,,,,,,,,,,,,,,,,,,,,,,,,,,
D-HWP811,Lakeland,10/30/2025,,,,PLK97116,86,On Track,Pending,Permits,,Yes,"44,896.10",Yes,Not Started,,,,,,"3,294",,0,0%,,0%,0%,0%,"Needs City Permit, Just Email",,,,,,,,,,,,,,,,,,,,,,,,,,,,,,,,,,,,,,,,,,,,,,,,,,,,,,,,,,,,,,,,,,,,,,,,,,,,,,,,,,,,,,,,,,,
D-HWP812,Lakeland,7/30/2025,Brothers,7/1/2025,Travis,PLK97117,77,On Track,Received,,,Yes,"10,430.55",Yes,Not Started,7/2/2025,,,,,"2,773","1,070",0,38%,7/21/2025,0%,0%,0%,"Needs City Permit, Just Email",,,,,,,,,,,,,,,,,,,,,,,,,,,,,,,,,,,,,,,,,,,,,,,,,,,,,,,,,,,,,,,,,,,,,,,,,,,,,,,,,,,,,,,,,,,
D-HWP813,Lakeland,8/30/2025,,,,,87,On Track,Pending,Permits,,Yes,"60,115.95",Yes,Not Started,,,,,,"4,774",,0,0%,,0%,0%,0%,,,,,,,,,,,,,,,,,,,,,,,,,,,,,,,,,,,,,,,,,,,,,,,,,,,,,,,,,,,,,,,,,,,,,,,,,,,,,,,,,,,,,,,,,,,,
D-HWP814,Lakeland,7/30/2025,Brothers,7/2/2025,Travis,PLK97122,81,On Track,Received,,,Yes,"71,310.90",Yes,In Process,7/9/2025,,,,,"5,539","3,087",0,55%,7/16/2025,0%,0%,0%,Have permit. Ready to work,,,,,,,,,,,,,,,,,,,,,,,,,,,,,,,,,,,,,,,,,,,,,,,,,,,,,,,,,,,,,,,,,,,,,,,,,,,,,,,,,,,,,,,,,,,
D-HWP815,Lakeland,7/30/2025,Brothers,7/1/2025,Travis,PLK97093,86,On Track,Received,,,Yes,"53,605.20",Yes,Not Started,7/2/2025,,,,,"3,517",,0,0%,,0%,0%,0%,Tickets expedited 7-14,,,,,,,,,,,,,,,,,,,,,,,,,,,,,,,,,,,,,,,,,,,,,,,,,,,,,,,,,,,,,,,,,,,,,,,,,,,,,,,,,,,,,,,,,,,
D-HWP816,Lakeland,8/30/2025,,,,,83,On Track,Pending,Permits,,Yes,"59,116.70",Yes,Not Started,,,,,,"4,833",,0,0%,,0%,0%,0%,,,,,,,,,,,,,,,,,,,,,,,,,,,,,,,,,,,,,,,,,,,,,,,,,,,,,,,,,,,,,,,,,,,,,,,,,,,,,,,,,,,,,,,,,,,,
FB-HWP1375,Lakeland,8/30/2025,,,,PLK97346,0,On Track,Pending,Permits,,Yes,"18,903.70",Yes,Not Started,,,,,,"1,442",,0,0%,,0%,0%,0%,6/16- need city and county permit,,,,,,,,,,,,,,,,,,,,,,,,,,,,,,,,,,,,,,,,,,,,,,,,,,,,,,,,,,,,,,,,,,,,,,,,,,,,,,,,,,,,,,,,,,,
FB-HWP1376,Lakeland,8/30/2025,Lightspeed In-House,5/29/2025,Travis,PLK96627,0,On Track,Pending,Permits,6/16/25 County,Yes,"21,888.65",Yes,In Process,6/16/2025,In Progress,,,,"1,669",726,0,43%,6/25/2025,0%,0%,0%,6/16- whitelines/locates/doortags/County permit activation req sent all on 6/16. 6/18- County permit is active and Xing scheduled for 6/24 11am. Still need city permit for final completion.. 6/24- County permit rescheduled for 7/2 11am./ Drilled 335' 6-25/ 7/3- need city permit,,,,,,,,,,,,,,,,,,,,,,,,,,,,,,,,,,,,,,,,,,,,,,,,,,,,,,,,,,,,,,,,,,,,,,,,,,,,,,,,,,,,,,,,,,,
FB-HWP477,Lakeland,9/30/2025,,,,PLK97348,0,On Track,Pending,Permits,,Yes,"1,343.90",Yes,Not Started,,,,,,74,,0,0%,,0%,0%,0%,Need county Permit. Just road crossing,,,,,,,,,,,,,,,,,,,,,,,,,,,,,,,,,,,,,,,,,,,,,,,,,,,,,,,,,,,,,,,,,,,,,,,,,,,,,,,,,,,,,,,,,,,
FB-HWP481,Lakeland,9/30/2025,,,,PLK97440,0,On Track,Pending,Permits,,Yes,"3,410.10",Yes,Not Started,,,,,,226,,0,0%,,0%,0%,0%,"Needs City Permit, Just Email",,,,,,,,,,,,,,,,,,,,,,,,,,,,,,,,,,,,,,,,,,,,,,,,,,,,,,,,,,,,,,,,,,,,,,,,,,,,,,,,,,,,,,,,,,,
FB-HWP482,Lakeland,8/30/2025,,,,,0,On Track,Pending,Permits,,Yes,"49,307.50",Yes,Not Started,,,,,,"3,432",,0,0%,,0%,0%,0%,"Have County, Need City",,,,,,,,,,,,,,,,,,,,,,,,,,,,,,,,,,,,,,,,,,,,,,,,,,,,,,,,,,,,,,,,,,,,,,,,,,,,,,,,,,,,,,,,,,,
FB-HWP775,Lakeland,8/30/2025,,,,,0,On Track,Pending,Permits,,Yes,"12,886.40",Yes,Not Started,,,,,,884,,0,0%,,0%,0%,0%,"Need city, App only",,,,,,,,,,,,,,,,,,,,,,,,,,,,,,,,,,,,,,,,,,,,,,,,,,,,,,,,,,,,,,,,,,,,,,,,,,,,,,,,,,,,,,,,,,,
FB-HWP804,Lakeland,7/30/2025,Telecom Fiber,7/15/2025,Travis,PLK97717,0,On Track,Received,,,Yes,"3,190.50",Yes,Not Started,7/15/2025,,,,,"1,000",,0,0%,,0%,0%,0%,Sch 7-21 with Telecom,,,,,,,,,,,,,,,,,,,,,,,,,,,,,,,,,,,,,,,,,,,,,,,,,,,,,,,,,,,,,,,,,,,,,,,,,,,,,,,,,,,,,,,,,,,
FB-HWP875,Lakeland,8/30/2025,,,,,0,On Track,Pending,Permits,,Yes,"17,916.55",Yes,Not Started,,,,,,"1,433",,0,0%,,0%,0%,0%,"Need City, FDOT permit",,,,,,,,,,,,,,,,,,,,,,,,,,,,,,,,,,,,,,,,,,,,,,,,,,,,,,,,,,,,,,,,,,,,,,,,,,,,,,,,,,,,,,,,,,,
FB-HWP802,Lakeland,9/30/2025,,,,,0,On Track,Pending,Permits,,Yes,"14,179.65",Yes,Not Started,,,,,,793,,0,0%,,0%,0%,0%,,,,,,,,,,,,,,,,,,,,,,,,,,,,,,,,,,,,,,,,,,,,,,,,,,,,,,,,,,,,,,,,,,,,,,,,,,,,,,,,,,,,,,,,,,,,
FB-HWP901,Lakeland,8/30/2025,,,,,0,On Track,Pending,Permits,,Yes,"51,970.00",Yes,Not Started,,,,,,"4,544",,0,0%,,0%,0%,0%,"Needs City, App only",,,,,,,,,,,,,,,,,,,,,,,,,,,,,,,,,,,,,,,,,,,,,,,,,,,,,,,,,,,,,,,,,,,,,,,,,,,,,,,,,,,,,,,,,,,
BHT-FOE-03,Bradenton,11/30/2025,,,,,0,On Track,Received,,7/14/2025,Yes,"42,837.20",Yes,Not Started,7/14/2025,,,,,"3,432",,0,0%,,0%,0%,0%,,,,,,,,,,,,,,,,,,,,,,,,,,,,,,,,,,,,,,,,,,,,,,,,,,,,,,,,,,,,,,,,,,,,,,,,,,,,,,,,,,,,,,,,,,,,
BHUD-FOE-06-E,Bradenton,11/30/2025,MC Logistics,2/28/2025,Joshua,MAN92243,0,On Track,Received,Permits,2/28/2025,Yes,"14,013.50",Yes,Locates Called,3/5/2025,,,,,150,,0,0%,,0%,0%,0%,,,,,,,,,,,,,,,,,,,,,,,,,,,,,,,,,,,,,,,,,,,,,,,,,,,,,,,,,,,,,,,,,,,,,,,,,,,,,,,,,,,,,,,,,,,,
BHZD-FOE-03-W,Bradenton,11/30/2025,Raven,2/19/2025,Joshua,PPM89496,0,On Track,Received,,2/20/2025,Yes,"87,944.40",Yes,In Process,2/21/2025,,,,,"7,008","3,287",0,47%,3/31/2025,0%,0%,0%,4-29-25 Was MTX need to reassign.,,,,,,,,,,,,,,,,,,,,,,,,,,,,,,,,,,,,,,,,,,,,,,,,,,,,,,,,,,,,,,,,,,,,,,,,,,,,,,,,,,,,,,,,,,,
D-HOE206,Bradenton,11/30/2025,Power Connect,2/28/2025,Joshua,PPM92353,31,On Track,Received,,2/28/2025,Yes,"28,777.00",Yes,Locates Called,2/28/2025,,,,,"2,315",,0,0%,,0%,0%,0%,,,,,,,,,,,,,,,,,,,,,,,,,,,,,,,,,,,,,,,,,,,,,,,,,,,,,,,,,,,,,,,,,,,,,,,,,,,,,,,,,,,,,,,,,,,,
D-HOE215,Bradenton,11/30/2025,HAS Global,2/28/2025,Joshua,MAN91697,31,On Track,Received,,2/28/2025,Yes,"57,973.50",Yes,In Process,2/28/2025,,,,,"4,885","3,460",0,70%,3/25/2025,0%,0%,0%,,,,,,,,,,,,,,,,,,,,,,,,,,,,,,,,,,,,,,,,,,,,,,,,,,,,,,,,,,,,,,,,,,,,,,,,,,,,,,,,,,,,,,,,,,,,
D-HOE302,Bradenton,11/30/2025,,,Joshua,,57,On Track,Received,,,Yes,"49,223.70",Yes,Not Started,,,,,,"3,737",,0,0%,,0%,0%,0%,,,,,,,,,,,,,,,,,,,,,,,,,,,,,,,,,,,,,,,,,,,,,,,,,,,,,,,,,,,,,,,,,,,,,,,,,,,,,,,,,,,,,,,,,,,,
FB-HOE301,Bradenton,11/30/2025,,,Joshua,,0,On Track,Received,,,Yes,"143,407.25",Yes,Not Started,,,,,,"11,987",,0,0%,,0%,0%,0%,,,,,,,,,,,,,,,,,,,,,,,,,,,,,,,,,,,,,,,,,,,,,,,,,,,,,,,,,,,,,,,,,,,,,,,,,,,,,,,,,,,,,,,,,,,,
FB-HLR201,Bradenton,10/30/2025,Longo Underground,,Tim,,0,On Track,Received,,,Yes,"144,972.50",Yes,Not Started,,,,,,"12,735",,0,0%,,0%,0%,0%,,,,,,,,,,,,,,,,,,,,,,,,,,,,,,,,,,,,,,,,,,,,,,,,,,,,,,,,,,,,,,,,,,,,,,,,,,,,,,,,,,,,,,,,,,,,
,,,,,,,,,,,,,,,,,,,,,,,,,,,,,,,,,,,,,,,,,,,,,,,,,,,,,,,,,,,,,,,,,,,,,,,,,,,,,,,,,,,,,,,,,,,,,,,,,,,,,,,,,,,,,,,,,,,,,,,,
,,,,,,,,,,,,,,,,,,,,,,,,,,,,,,,,,,,,,,,,,,,,,,,,,,,,,,,,,,,,,,,,,,,,,,,,,,,,,,,,,,,,,,,,,,,,,,,,,,,,,,,,,,,,,,,,,,,,,,,,
Completed Projects Pending Paperwork,,,,,,,,,,,,,,,,,,,,,,,,,,,,,,,,,,,,,,,,,,,,,,,,,,,,,,,,,,,,,,,,,,,,,,,,,,,,,,,,,,,,,,,,,,,,,,,,,,,,,,,,,,,,,,,,,,,,,,,,
NTP Number,AREA,SOW TSD Date,Vendor Assignment,Date Assigned,Assigned Supervisor,Penguin ID,HHP,On Track or In Jeopardy,Permit Status,Blockers/Risks,Door Tag Date,SOW Received,SOW Estimated Cost,NTP Received,Constuction Status,Locate Date,QC Requested Date,QC Walkout Date,Passed QC Walkout,QC Received From Tillman,Footage UG,Actual Redline Completed Footage UG,Fiber Placement and Splice Only Footage ,UG Percentage Complete,Construction Start Date,Fiber Placement  Percentage Complete,Splicing Percentage Complete,Construction Total Percent Complete,Notes,,,,,,,,,,,,,,,,,,,,,,,,,,,,,,,,,,,,,,,,,,,,,,,,,,,,,,,,,,,,,,,,,,,,,,,,,,,,,,,,,,,,,,,,,,,
BHT-FWP-07,Lakeland,4/25/2025,LSCG,3/19/2025,Travis,PLK91807,0,Completed on Track,Received,,3/19/2025,Yes,"15,690.10",Yes,Completed,3/19/2025,6/3/2025,6/4/2025,6/4/2025,,"1,242","1,243",0,100%,3/27/2025,100%,100%,100%,"locates updated 3-21/SOW REC 3-21/ about 600' left 3-31,ecd 4-4/need to confirm 144 cut at carol vault- / Job Complete. Need Walkout/ Closeout sent/ Walkout cleared by paul, turn over to tanner 4-23",,,,,,,,,,,,,,,,,,,,,,,,,,,,,,,,,,,,,,,,,,,,,,,,,,,,,,,,,,,,,,,,,,,,,,,,,,,,,,,,,,,,,,,,,,,
BHT-FWP-08,Lakeland,7/30/2025,Brothers,6/5/2025,Anthony,PLK96231,0,Completed on Track,Received,,5/16/2025,Yes,"104,070.80",Yes,Completed,5/16/2025,In Progress,7/3/2025,7/3/2025,,"7,848","7,859",0,100%,6/17/2025,0%,0%,0%,"1465 drilled 6-17/  6/23 Drilling 1269'/ 6/24 - DOT Xing scheduled for 6/26. 6/30- All path complete, Dave Simmon is getting a date to place fiber. Cozmin to work on restoration 7/1. 7/7- placing and restoration complete, only thing pending is splicing. Construction CO sent to Garrison",,,,,,,,,,,,,,,,,,,,,,,,,,,,,,,,,,,,,,,,,,,,,,,,,,,,,,,,,,,,,,,,,,,,,,,,,,,,,,,,,,,,,,,,,,,
BHT-FWP-10,Lakeland,5/30/2025,Brothers,5/1/2025,Travis,PLK94470,0,Completed on Track,Received,,5/5/2025,Yes,"119,135.30",Yes,Completed,5/5/2025,6/11/2025,6/12/2025,6/12/2025,,"9,356","9,202",0,98%,5/15/2025,0%,0%,0%,"Dispatched  5-1/ Locates expedited 5/8. / 5/14 Brothers to start 5.15 w 1 drill. LS Jeff to GPR 5.15/ 1580' 5-15/270' 5-19/5-20 waiting on city locates/ 948' 5-22/ 954' 5-27/ 2,973' 5-28/ DOT crossing sch 6-5/ 2,248' 5-29. Fiber Pulled 6-17/COP Sent 6-18/needs jobs next to it completed for fs to take place",,,,,,,,,,,,,,,,,,,,,,,,,,,,,,,,,,,,,,,,,,,,,,,,,,,,,,,,,,,,,,,,,,,,,,,,,,,,,,,,,,,,,,,,,,,
BHUD-FOE-02-W,Bradenton,7/30/2025,Power Connect ,2/28/2025,Joshua,MAN92070,0,Completed on Track,Received,,2/28/2025,Yes,"64,932.55",Yes,Completed,3/5/2025,,,,,"5,151","5,127",0,100%,4/1/2025,0%,0%,0%,,,,,,,,,,,,,,,,,,,,,,,,,,,,,,,,,,,,,,,,,,,,,,,,,,,,,,,,,,,,,,,,,,,,,,,,,,,,,,,,,,,,,,,,,,,,
BHU-FDH-01-W,St Petersburg,2/28/2025,Lightspeed In-House,2/13/2025,Johnnie,PPM89496,0,Completed,Received,,2/17/2025,Yes,"1,295.00",Yes,Completed,2/18/2025,6/18/2025,,,,153,153,0,100%,4/7/2025,100%,100%,100%,Crossing Assigned to Key Underground. Betsy door tagged--Tentative Start Date 2/24/2025. 2-28-25 reassigned to US Builders,,,,,,,,,,,,,,,,,,,,,,,,,,,,,,,,,,,,,,,,,,,,,,,,,,,,,,,,,,,,,,,,,,,,,,,,,,,,,,,,,,,,,,,,,,,
D-H0220A,St Petersburg,6/30/2025,Longo Underground,6/10/2025,Tim,PPM95827,56,Completed on Track,Received,,6/9/2025,Yes,"75,953.00",Yes,Completed,6/9/2025,7/17/2025,7/18/2025,,,"6,005","5,942",0,99%,6/16/2025,0%,0%,0%,,,,,,,,,,,,,,,,,,,,,,,,,,,,,,,,,,,,,,,,,,,,,,,,,,,,,,,,,,,,,,,,,,,,,,,,,,,,,,,,,,,,,,,,,,,,
D-H0220B,St Petersburg,7/30/2025,US Builders / Longo Underground,3/3/2025,Tim,PPM91680,60,Completed on Track,Received,,2/28/2025,Yes,"64,727.00",Yes,Completed,3/3/2025,7/15/2025,7/18/2025,,,"5,853","5,857",0,100%,3/25/2025,0%,0%,0%,,,,,,,,,,,,,,,,,,,,,,,,,,,,,,,,,,,,,,,,,,,,,,,,,,,,,,,,,,,,,,,,,,,,,,,,,,,,,,,,,,,,,,,,,,,,
D-H0220D,St Petersburg,5/30/2025,Splice Only,TBD,Eric,PPM90335,68,Completed,Not Required,,2/28/2025,Yes,"1,134.00",Yes,Completed,Not Required,,,,,0,0,"5,569",0%,,100%,100%,100%,,,,,,,,,,,,,,,,,,,,,,,,,,,,,,,,,,,,,,,,,,,,,,,,,,,,,,,,,,,,,,,,,,,,,,,,,,,,,,,,,,,,,,,,,,,,
D-H0221A,St Petersburg,5/30/2025,Brothers,3/11/2025,Johnnie,PPM91357 ,90,Completed,Received,,3/12/2025,Yes,"82,979.50",Yes,Completed,3/12/2025,6/13/2025,6/20/2025,,,"6,524","6,524",0,100%,3/24/2025,100%,100%,100%,6/17/2025 JW | TILLMAN WALKOUT SET FOR 6/18/2025 (0830) 4/28 JW | PLEASE SEE COMMENT,,,,,,,,,,,,,,,,,,,,,,,,,,,,,,,,,,,,,,,,,,,,,,,,,,,,,,,,,,,,,,,,,,,,,,,,,,,,,,,,,,,,,,,,,,,
D-H0221B,St Petersburg,4/25/2025,Bartlett Fiber,2/28/2025,Caten,PPM91351,56,Completed on Track,Received,,2/28/2025,Yes,"45,321.50",Yes,Completed,3/6/2025,,,,,"3,642","3,666",0,100%,3/18/2025,100%,100%,100%,,,,,,,,,,,,,,,,,,,,,,,,,,,,,,,,,,,,,,,,,,,,,,,,,,,,,,,,,,,,,,,,,,,,,,,,,,,,,,,,,,,,,,,,,,,,
D-H0221C,St Petersburg,6/30/2025,Bartlett Fiber,3/11/2025,Caten,PPM91690,71,Completed on Track,Received,,3/12/2025,Yes,"60,843.50",Yes,Completed,3/6/2025,,,,,"4,979","5,020",0,101%,3/25/2025,100%,100%,100%,,,,,,,,,,,,,,,,,,,,,,,,,,,,,,,,,,,,,,,,,,,,,,,,,,,,,,,,,,,,,,,,,,,,,,,,,,,,,,,,,,,,,,,,,,,,
D-H0221D,St Petersburg,3/26/2025,Bartlett Fiber,2/28/2025,Caten,PPM91321,87,Completed,Received,,2/28/2025,Yes,"74,446.00",Yes,Completed,3/7/2025,7/9/2025,7/15/2025,7/15/2025,7/21/2025,"6,149","6,362",0,104%,3/17/2025,100%,100%,100%,,,,,,,,,,,,,,,,,,,,,,,,,,,,,,,,,,,,,,,,,,,,,,,,,,,,,,,,,,,,,,,,,,,,,,,,,,,,,,,,,,,,,,,,,,,,
D-H0221E,St Petersburg,4/25/2025,Splice Only,TBD,Eric,PPM90342 ,38,Completed,Not Required,,2/28/2025,Yes,870,Yes,Completed,Not Required,,,,,0,0,145,0%,3/26/2025,100%,100%,100%,,,,,,,,,,,,,,,,,,,,,,,,,,,,,,,,,,,,,,,,,,,,,,,,,,,,,,,,,,,,,,,,,,,,,,,,,,,,,,,,,,,,,,,,,,,,
D-H0222A,St Petersburg,4/25/2025,Power Connect,2/5/2025,Robert,PPM89513,86,Completed on Track,Received,,2/26/2025,Yes,"94,170.50",Yes,Completed,2/5/2025,,,,,"7,980","7,457",0,93%,2/25/2025,100%,100%,100%,Reassinged to Longo . -- Waiting on redesign from tillman--2-26-25,,,,,,,,,,,,,,,,,,,,,,,,,,,,,,,,,,,,,,,,,,,,,,,,,,,,,,,,,,,,,,,,,,,,,,,,,,,,,,,,,,,,,,,,,,,
D-H0222B,St Petersburg,4/25/2025,Brothers,1/28/2025,Johnnie,PPM89528,76,Completed on Track,Received,,2/4/2025,Yes,"90,302.00",Yes,Completed,2/6/2025,7/9/2025,7/14/2025,,,"8,420","8,553",0,102%,2/21/2025,100%,100%,100%,6/17/2025 JW | PENDING RESTORATION BY IN HOUSE CREWS ,,,,,,,,,,,,,,,,,,,,,,,,,,,,,,,,,,,,,,,,,,,,,,,,,,,,,,,,,,,,,,,,,,,,,,,,,,,,,,,,,,,,,,,,,,,
D-H0222C,St Petersburg,4/25/2025,Power Connect,2/10/2025,Robert,PPM89539,89,Completed on Track,Received,,2/7/2025,Yes,"89,698.50",Yes,Completed,2/6/2025,,,,,"7,562","6,528",0,80%,2/21/2025,100%,100%,100%,Confirmed With Tillman Project Date Changed To 3/31/2025. Tentative Start Date 2/18/2025.,,,,,,,,,,,,,,,,,,,,,,,,,,,,,,,,,,,,,,,,,,,,,,,,,,,,,,,,,,,,,,,,,,,,,,,,,,,,,,,,,,,,,,,,,,,
D-H0223A,St Petersburg,4/25/2025,Bartlett Fiber,1/29/2025,Caten,PPM89575,77,Completed on Track,Received,,1/29/2025,Yes,"61,924.00",Yes,Completed,2/4/2025,7/9/2025,7/14/2025,,,"5,005","4,996",0,100%,2/20/2025,100%,100%,100%,Tentative Start Date 2/18/2025.,,,,,,,,,,,,,,,,,,,,,,,,,,,,,,,,,,,,,,,,,,,,,,,,,,,,,,,,,,,,,,,,,,,,,,,,,,,,,,,,,,,,,,,,,,,
D-H0223C,St Petersburg,4/25/2025,Longo Underground,1/29/2025,Tim,PPM89447,81,Completed on Track,Received,,2/12/2025,Yes,"76,139.50",Yes,Completed,2/4/2025,7/9/2025,7/11/2025,,7/21/2025,"6,303","6,761",0,106%,2/12/2025,100%,100%,100%,Tentative Start Date 2/18/2025. 2-20-25 need GPR on sheet 6 crossing 51st ave.,,,,,,,,,,,,,,,,,,,,,,,,,,,,,,,,,,,,,,,,,,,,,,,,,,,,,,,,,,,,,,,,,,,,,,,,,,,,,,,,,,,,,,,,,,,
D-H0223D,St Petersburg,4/25/2025,Brothers,1/28/2025,Johnnie,PPM89579,81,Completed on Track,Received,,2/11/2025,Yes,"73,583.50",Yes,Completed,2/3/2025,6/17/2025,7/2/2025,,,"6,205","6,190",0,100%,2/11/2025,100%,100%,100%,6/17/2025 JW | PENDING TILLMAN WALKOUT RESTORATION COMPLETE \\ 5/14/2025 FINAL COP IN PROGRESS PENDING TILLMAN QAQC AND LIGHT LEVELS,,,,,,,,,,,,,,,,,,,,,,,,,,,,,,,,,,,,,,,,,,,,,,,,,,,,,,,,,,,,,,,,,,,,,,,,,,,,,,,,,,,,,,,,,,,
D-H0223E,St Petersburg,4/25/2025,US Builders,2/6/2025,Caten,PPM89581,84,Completed on Track,Received,,2/10/2025,Yes,"63,402.50",Yes,Completed,2/7/2025,7/9/2025,7/14/2025,,,"4,979","4,984",0,100%,2/26/2025,100%,100%,100%,2-24-25 sent to borecom will be on site thursday. reassigned to Keys Underground 2-26-25--GPR Requested on 2/25/2025. 2-28-25 Reassigned to US Builders. ,,,,,,,,,,,,,,,,,,,,,,,,,,,,,,,,,,,,,,,,,,,,,,,,,,,,,,,,,,,,,,,,,,,,,,,,,,,,,,,,,,,,,,,,,,,
D-HDH04,St Petersburg,1/31/2025,J Garcia,1/28/2025,David,PPM88371,86,Completed -Missed TSD,Received,,1/20/2025,Yes,"78,075.50",Yes,Completed,1/18/2025,,,,,"6,526","6,217",0,95%,1/28/2025,100%,100%,100%,,,,,,,,,,,,,,,,,,,,,,,,,,,,,,,,,,,,,,,,,,,,,,,,,,,,,,,,,,,,,,,,,,,,,,,,,,,,,,,,,,,,,,,,,,,,
D-HDH13,St Petersburg,2/17/2025,Splice Only,TBD,Eric,PPM92251,,Completed,Not Required,,TBD,Yes,"3,283.20",Yes,Completed,Not Required,,,,,0,0,"4,696",0%,,100%,100%,100%,,,,,,,,,,,,,,,,,,,,,,,,,,,,,,,,,,,,,,,,,,,,,,,,,,,,,,,,,,,,,,,,,,,,,,,,,,,,,,,,,,,,,,,,,,,,
D-HDH31,St Petersburg,1/31/2025,Reycamp,2/4/2025,Betsy,PPM89043,86,Completed -Missed TSD,Received,,Completed,Yes,"82,480.50",Yes,Completed,1/18/2025,,,,,"6,390","6,114",0,96%,1/30/2025,100%,100%,100%,"Partial Completed--SOW / Footage Work Is For The County Permit That Is Pending Approval, All The City Work Has Been Completed.",,,,,,,,,,,,,,,,,,,,,,,,,,,,,,,,,,,,,,,,,,,,,,,,,,,,,,,,,,,,,,,,,,,,,,,,,,,,,,,,,,,,,,,,,,,
D-HDH32,St Petersburg,1/31/2025,Power Connect,2/7/2025,Robert,PPM89595,88,Completed -Missed TSD,Received,,Completed,Yes,"43,130.00",Yes,Completed,2/3/2025,,,,,"2,092",344,0,100%,4/3/2025,100%,100%,100%,2-18-25 Pipe is all in need feeding route verified and proofed,,,,,,,,,,,,,,,,,,,,,,,,,,,,,,,,,,,,,,,,,,,,,,,,,,,,,,,,,,,,,,,,,,,,,,,,,,,,,,,,,,,,,,,,,,,
D-HDH34,St Petersburg,1/31/2025,Lightspeed In-House,1/29/2025,Johnnie,PPM88372,88,Completed -Missed TSD,Received,,2/18/2025,Yes,"69,212.50",Yes,Completed,1/22/2025,PENDING RESTO,,,,"5,661","5,813",0,103%,1/24/2025,100%,100%,100%,6/17/2025 JW | PENDING RESTORATION BY IN HOUSE CREWS ,,,,,,,,,,,,,,,,,,,,,,,,,,,,,,,,,,,,,,,,,,,,,,,,,,,,,,,,,,,,,,,,,,,,,,,,,,,,,,,,,,,,,,,,,,,
D-HDH41,St Petersburg,4/25/2025,MTX,3/27/2025,Allen,PPM91655,85,Completed on Track,Received,,3/25/2025,Yes,"74,508.50",Yes,Completed,4/2/2025,,,,,"6,258","6,226",0,100%,4/16/2025,100%,100%,100%,,,,,,,,,,,,,,,,,,,,,,,,,,,,,,,,,,,,,,,,,,,,,,,,,,,,,,,,,,,,,,,,,,,,,,,,,,,,,,,,,,,,,,,,,,,,
D-HDH43,St Petersburg,4/25/2025,US Builders,3/27/2025,Caten,PPM92271,57,Completed on Track,Received,,3/25/2025,Yes,"49,071.00",Yes,Completed,3/29/2025,6/24/2025,7/1/2025,,,"3,967","3,936",0,100%,4/9/2025,100%,100%,100%,,,,,,,,,,,,,,,,,,,,,,,,,,,,,,,,,,,,,,,,,,,,,,,,,,,,,,,,,,,,,,,,,,,,,,,,,,,,,,,,,,,,,,,,,,,,
D-HDH45,St Petersburg,2/23/2025,Reycamp,2/3/2025,Betsy,PPM89601,73,Completed -Missed TSD,Received,,2/10/2025,Yes,"60,575.50",Yes,Completed,2/3/2025,,,,,"4,614","4,123",0,90%,2/18/2025,100%,100%,100%,Tentative Start Date 2/18/2025. GPR Requested on 2/25/2025.,,,,,,,,,,,,,,,,,,,,,,,,,,,,,,,,,,,,,,,,,,,,,,,,,,,,,,,,,,,,,,,,,,,,,,,,,,,,,,,,,,,,,,,,,,,
D-HDH52,St Petersburg,6/23/2025,In House,5/30/2025,Johnnie,PPM93114,50,Completed on Track,Received,,4/10/2025,Yes,"47,432.50",Yes,Completed,4/10/2025,PENDING SODZILLA RESTO,7/9/2025,7/9/2025,7/11/2025,"3,932","4,034",0,102%,4/24/2025,0%,0%,0%,"6/17/2025 JW | RESTORATION ON GOING, SODZILLA WILL BE WRAPPING UP, PENDING TILLMAN WALKOUT",,,,,,,,,,,,,,,,,,,,,,,,,,,,,,,,,,,,,,,,,,,,,,,,,,,,,,,,,,,,,,,,,,,,,,,,,,,,,,,,,,,,,,,,,,,
D-HDH54,St Petersburg,6/23/2025,HAS Global,4/14/2025,Johnnie,PPM93122,88,Completed,Received,,4/10/2025,Yes,"80,443.50",Yes,Completed,4/10/2025,7/2/2025,7/7/2025,7/9/2025,7/11/2025,"6,617","6,743",0,102%,4/24/2025,0%,0%,0%,6/17/2025 JW | RESTORATION COMPLETE \\ PENDING TILLMAN WALKOUT,,,,,,,,,,,,,,,,,,,,,,,,,,,,,,,,,,,,,,,,,,,,,,,,,,,,,,,,,,,,,,,,,,,,,,,,,,,,,,,,,,,,,,,,,,,
D-HDH55,St Petersburg,6/23/2025,In House,5/30/2025,Johnnie,PPM93069,86,Completed on Track,Received,,4/10/2025,Yes,"68,736.50",Yes,Completed,4/9/2025,6/16/2025,7/8/2025,7/8/2025,7/11/2025,"5,939","5,791",0,97%,4/21/2025,0%,0%,0%,6/17/2025 JW | RESTORATION COMPLETE \\ PENDING TILLMAN WALKOUT,,,,,,,,,,,,,,,,,,,,,,,,,,,,,,,,,,,,,,,,,,,,,,,,,,,,,,,,,,,,,,,,,,,,,,,,,,,,,,,,,,,,,,,,,,,
D-HDH56,St Petersburg,4/25/2025,Longo Underground,3/27/2025,Tim,PPM92087,84,Completed on Track,Received,,3/25/2025,Yes,"73,491.50",Yes,Completed,4/1/2025,6/16/2025,6/23/2025,,7/21/2025,"5,390","5,327",0,100%,4/21/2025,0%,0%,0%,,,,,,,,,,,,,,,,,,,,,,,,,,,,,,,,,,,,,,,,,,,,,,,,,,,,,,,,,,,,,,,,,,,,,,,,,,,,,,,,,,,,,,,,,,,,
D-HDH57,St Petersburg,6/23/2025,Bartlett Fiber,5/30/2025,Caten,PPM92588,87,Completed on Track,Received,,4/10/2025,Yes,"78,331.00",Yes,Completed,4/10/2025,,,,,"6,334","6,228",0,98%,4/22/2025,0%,0%,0%,4-29-25 Was MTX need to reassign.,,,,,,,,,,,,,,,,,,,,,,,,,,,,,,,,,,,,,,,,,,,,,,,,,,,,,,,,,,,,,,,,,,,,,,,,,,,,,,,,,,,,,,,,,,,
D-HDH58,St Petersburg,4/25/2025,Brothers,3/27/2025,Johnnie,PPM92280,81,Completed on Track,Received,,3/25/2025,Yes,"74,961.00",Yes,Completed,3/31/2025,6/24/2025,7/10/2025,,,"6,327","6,414",0,101%,4/14/2025,100%,100%,100%,6/17/2025 JW | RESTORATION COMPLETE \\ PENDING TILLMAN WALKOUT,,,,,,,,,,,,,,,,,,,,,,,,,,,,,,,,,,,,,,,,,,,,,,,,,,,,,,,,,,,,,,,,,,,,,,,,,,,,,,,,,,,,,,,,,,,
D-HDH60,St Petersburg,4/25/2025,Longo Underground,3/27/2025,Tim,PPM92088,80,Completed on Track,Received,,3/25/2025,Yes,"70,235.00",Yes,Completed,3/29/2025,6/16/2025,6/24/2025,,7/21/2025,"5,585","5,566",0,100%,4/10/2025,100%,100%,100%,,,,,,,,,,,,,,,,,,,,,,,,,,,,,,,,,,,,,,,,,,,,,,,,,,,,,,,,,,,,,,,,,,,,,,,,,,,,,,,,,,,,,,,,,,,,
D-HDH62,St Petersburg,4/25/2025,US Builders,3/27/2025,Caten,PPM92283,63,Completed on Track,Received,,3/25/2025,Yes,"41,813.00",Yes,Completed,3/29/2025,6/20/2025,,,,"3,243","3,290",0,100%,4/14/2025,100%,100%,100%,,,,,,,,,,,,,,,,,,,,,,,,,,,,,,,,,,,,,,,,,,,,,,,,,,,,,,,,,,,,,,,,,,,,,,,,,,,,,,,,,,,,,,,,,,,,
D-HDH64,St Petersburg,2/17/2025,Splice Only,TBD,Eric,PPM92289,75,Completed,Not Required,,TBD,Yes,"3,150.75",Yes,Completed,Not Required,,,,,0,0,"4,215",100%,2/28/2025,100%,100%,100%,,,,,,,,,,,,,,,,,,,,,,,,,,,,,,,,,,,,,,,,,,,,,,,,,,,,,,,,,,,,,,,,,,,,,,,,,,,,,,,,,,,,,,,,,,,,
D-HDH65,St Petersburg,2/17/2025,Splice Only,TBD,Eric,PPM91553,80,Completed,Not Required,,TBD,Yes,"3,391.50",Yes,Completed,Not Required,,,,,0,0,"5,030",100%,2/28/2025,100%,100%,100%,,,,,,,,,,,,,,,,,,,,,,,,,,,,,,,,,,,,,,,,,,,,,,,,,,,,,,,,,,,,,,,,,,,,,,,,,,,,,,,,,,,,,,,,,,,,
D-HDH68,St Petersburg,2/23/2025,Longo Underground,1/29/2025,Tim,PPM89616,90,Completed -Missed TSD,Received,,2/12/2025,Yes,"77,320.00",Yes,Completed,2/18/2025,6/13/2025,6/18/2025,,,"6,041","6,024",0,100%,2/26/2025,100%,100%,100%,-2-24-25 sent info to us building they will be subbing in for longo on this project starting 02-26-25..2-27-25 longo on site,,,,,,,,,,,,,,,,,,,,,,,,,,,,,,,,,,,,,,,,,,,,,,,,,,,,,,,,,,,,,,,,,,,,,,,,,,,,,,,,,,,,,,,,,,,
D-HDH69,St Petersburg,4/25/2025,Longo Underground,2/20/2025,Tim,PPM89618,82,Completed on Track,Received,,2/10/2025,Yes,"71,979.00",Yes,Completed,2/6/2025,,,,,"5,628","3,938",0,70%,3/26/2025,100%,100%,100%,,,,,,,,,,,,,,,,,,,,,,,,,,,,,,,,,,,,,,,,,,,,,,,,,,,,,,,,,,,,,,,,,,,,,,,,,,,,,,,,,,,,,,,,,,,,
D-HDH70,St Petersburg,4/25/2025,Longo Underground,2/28/2025,Tim,PPM91121,82,Completed on Track,Received,,2/28/2025,Yes,"64,609.00",Yes,Completed,3/4/2025,6/13/2025,6/17/2025,,7/21/2025,"5,327","5,450",0,102%,3/12/2025,100%,100%,100%,,,,,,,,,,,,,,,,,,,,,,,,,,,,,,,,,,,,,,,,,,,,,,,,,,,,,,,,,,,,,,,,,,,,,,,,,,,,,,,,,,,,,,,,,,,,
D-HDH71,St Petersburg,4/25/2025,HDD Underground,2/6/2025,Betsy,PPM89623,64,Completed on Track,Received,,2/13/2025,Yes,"48,609.00",Yes,Completed,2/10/2025,7/9/2025,7/16/2025,,,"4,035","4,045",0,100%,2/21/2025,100%,100%,100%,"Notified Chris Tillman of the crew going off run line a bit due to gas / water. sent him pics/video, spoke with chris and said to stay as close as safley possible. 2/17 340pm SL . ",,,,,,,,,,,,,,,,,,,,,,,,,,,,,,,,,,,,,,,,,,,,,,,,,,,,,,,,,,,,,,,,,,,,,,,,,,,,,,,,,,,,,,,,,,,
D-HDH72,St Petersburg,4/25/2025,Power Connect,2/10/2025,Robert,PPM89624,82,Completed on Track,Received,,2/28/2025,Yes,"2,025.60",Yes,Completed,Not Required,,,,,0,0,"1,408",0%,2/28/2025,100%,100%,100%,This was already completed when assigned.,,,,,,,,,,,,,,,,,,,,,,,,,,,,,,,,,,,,,,,,,,,,,,,,,,,,,,,,,,,,,,,,,,,,,,,,,,,,,,,,,,,,,,,,,,,
D-HDH74,St Petersburg,4/25/2025,Bartlett Fiber,1/29/2025,Caten,PPM89643,85,Completed on Track,Received,,2/10/2025,Yes,"67,892.50",Yes,Completed,2/21/2025,,,,,"5,494","5,431",0,99%,3/6/2025,100%,100%,100%,Locates called in 02-20-25,,,,,,,,,,,,,,,,,,,,,,,,,,,,,,,,,,,,,,,,,,,,,,,,,,,,,,,,,,,,,,,,,,,,,,,,,,,,,,,,,,,,,,,,,,,
D-HDH77,St Petersburg,3/26/2025,Splice Only,2/27/2025,Eric,PPM92290,84,Completed,Not Required,,2/27/2025,Yes,"3,801.75",Yes,Completed,Not Required,,,,,0,0,"5,915",0%,2/28/2025,100%,100%,100%,,,,,,,,,,,,,,,,,,,,,,,,,,,,,,,,,,,,,,,,,,,,,,,,,,,,,,,,,,,,,,,,,,,,,,,,,,,,,,,,,,,,,,,,,,,,
D-HDH79,St Petersburg,3/26/2025,Splice Only,TBD,Eric,PPM90331,87,Completed,Not Required,,2/28/2025,Yes,"4,021.50",Yes,Completed,Not Required,,,,,0,0,"5,750",0%,2/28/2025,100%,100%,100%,,,,,,,,,,,,,,,,,,,,,,,,,,,,,,,,,,,,,,,,,,,,,,,,,,,,,,,,,,,,,,,,,,,,,,,,,,,,,,,,,,,,,,,,,,,,
D-HDH80,St Petersburg,4/25/2025,MTX,3/27/2025,Sean,PPM92262,91,Completed on Track,Received,,3/25/2025,Yes,"79,069.50",Yes,Completed,3/28/2025,7/2/2025,7/8/2025,,7/21/2025,"6,330","6,180",0,97%,4/4/2025,100%,100%,100%,,,,,,,,,,,,,,,,,,,,,,,,,,,,,,,,,,,,,,,,,,,,,,,,,,,,,,,,,,,,,,,,,,,,,,,,,,,,,,,,,,,,,,,,,,,,
D-HDH81,St Petersburg,2/17/2025,Splice Only,TBD,Eric,PPM91558,90,Completed,Not Required,,Completed,Yes,"4,490.25",Yes,Completed,Not Required,,,,,0,0,"6,485",100%,2/28/2025,100%,100%,100%,,,,,,,,,,,,,,,,,,,,,,,,,,,,,,,,,,,,,,,,,,,,,,,,,,,,,,,,,,,,,,,,,,,,,,,,,,,,,,,,,,,,,,,,,,,,
D-HDH82,St Petersburg,4/25/2025,MTX,3/27/2025,Sean,PPM92198,20,Completed on Track,Received,,3/25/2025,Yes,"16,398.00",Yes,Completed,3/28/2025,7/2/2025,7/10/2025,7/10/2025,7/11/2025,"1,265","1,257",0,100%,4/3/2025,100%,100%,100%,,,,,,,,,,,,,,,,,,,,,,,,,,,,,,,,,,,,,,,,,,,,,,,,,,,,,,,,,,,,,,,,,,,,,,,,,,,,,,,,,,,,,,,,,,,,
D-HDH83,St Petersburg,3/26/2025,Splice Only,TBD,Eric,PPM90333,87,Completed,Not Required,,2/28/2025,Yes,"4,056.90",Yes,Completed,Not Required,,,,,0,0,"5,842",0%,2/28/2025,100%,100%,100%,,,,,,,,,,,,,,,,,,,,,,,,,,,,,,,,,,,,,,,,,,,,,,,,,,,,,,,,,,,,,,,,,,,,,,,,,,,,,,,,,,,,,,,,,,,,
D-HDH84,St Petersburg,3/26/2025,Reycamp,1/23/2025,Tim,PPM88311,79,Completed -Missed TSD,Received,,Completed,Yes,"64,790.50",Yes,Completed,1/18/2025,,,,,"4,975","4,794",0,96%,1/23/2025,0%,0%,0%,"Stingray from 81 to 84, Waiting for Redesign and permits for the redesign. Will possibly feed from 66",,,,,,,,,,,,,,,,,,,,,,,,,,,,,,,,,,,,,,,,,,,,,,,,,,,,,,,,,,,,,,,,,,,,,,,,,,,,,,,,,,,,,,,,,,,
D-HNP104/D-H0102A,St Petersburg,7/24/2025,Longo Underground,3/27/2025,Tim,PPM93993,88,Completed on Track,Received,,3/25/2025,Yes,"75,396.50",Yes,Completed,4/2/2025,7/15/2025,7/18/2025,,,"6,061","6,167",0,102%,5/8/2025,0%,0%,0%,,,,,,,,,,,,,,,,,,,,,,,,,,,,,,,,,,,,,,,,,,,,,,,,,,,,,,,,,,,,,,,,,,,,,,,,,,,,,,,,,,,,,,,,,,,,
D-HNP123,St Petersburg,7/24/2025,HDD Underground,2/6/2025,Betsy,PPM89671,90,Completed on Track,Received,,2/10/2025,Yes,"68,216.50",Yes,Completed,2/10/2025,,,,,"5,410","5,337",0,99%,3/3/2025,0%,0%,0%,reassigned to MTX. 4-29-25  needs new reassignment.,,,,,,,,,,,,,,,,,,,,,,,,,,,,,,,,,,,,,,,,,,,,,,,,,,,,,,,,,,,,,,,,,,,,,,,,,,,,,,,,,,,,,,,,,,,
D-HNP143,St Petersburg,3/31/2025,Brothers,2/10/2025,Johnnie,PPM89772,87,Completed,Received,,2/11/2025,Yes,"72,566.00",Yes,Completed,2/11/2025,6/17/2025,,,,"6,104","6,039",0,99%,3/5/2025,100%,100%,100%,6/17/2025 JW | RESTORATION COMPLETE \\ PENDING TILLMAN WALKOUT,,,,,,,,,,,,,,,,,,,,,,,,,,,,,,,,,,,,,,,,,,,,,,,,,,,,,,,,,,,,,,,,,,,,,,,,,,,,,,,,,,,,,,,,,,,
D-HNP151,St Petersburg,6/30/2025,Longo Underground,3/20/2025,Tim,PPM90865,50,Completed on Track,Received,,3/19/2025,Yes,"41,285.00",Yes,Completed,3/20/2025,6/30/2025,7/2/2025,,7/21/2025,"3,415","3,445",0,100%,4/2/2025,0%,0%,0%,,,,,,,,,,,,,,,,,,,,,,,,,,,,,,,,,,,,,,,,,,,,,,,,,,,,,,,,,,,,,,,,,,,,,,,,,,,,,,,,,,,,,,,,,,,,
D-HOE102,Bradenton,5/30/2025,MTX,2/18/2025,Joshua,MAN89819,56,Completed on Track,Received,,2/13/2025,Yes,"55,089.00",Yes,Completed,2/21/2025,,,,,"4,836","5,095",0,105%,3/25/2025,100%,100%,100%,4-29-25 Was MTX need to reassign.,,,,,,,,,,,,,,,,,,,,,,,,,,,,,,,,,,,,,,,,,,,,,,,,,,,,,,,,,,,,,,,,,,,,,,,,,,,,,,,,,,,,,,,,,,,
D-HOE111,Bradenton,5/30/2025,Splice Only,TBD,David,PPM92353,60,Completed on Track,Not Required,,2/28/2025,Yes,"2,075.70",Yes,Completed,Not Required,,,,,0,0,"2,266",100%,3/28/2025,100%,100%,100%,,,,,,,,,,,,,,,,,,,,,,,,,,,,,,,,,,,,,,,,,,,,,,,,,,,,,,,,,,,,,,,,,,,,,,,,,,,,,,,,,,,,,,,,,,,,
D-HOE116,Bradenton,5/30/2025,Power Connect ,TBD,David,MAN90788,84,Completed on Track,Received,,2/28/2025,Yes,"2,812.95",Yes,Completed,5/15/2025,,,,,285,285,"3,451",0%,5/21/2025,100%,100%,100%,,,,,,,,,,,,,,,,,,,,,,,,,,,,,,,,,,,,,,,,,,,,,,,,,,,,,,,,,,,,,,,,,,,,,,,,,,,,,,,,,,,,,,,,,,,,
D-HOE117,Bradenton,5/30/2025,Splice Only,TBD,David,MAN90778,79,Completed on Track,Not Required,,2/28/2025,Yes,"2,947.50",Yes,Completed,Not Required,,,,,0,0,"3,830",100%,3/28/2025,100%,100%,100%,,,,,,,,,,,,,,,,,,,,,,,,,,,,,,,,,,,,,,,,,,,,,,,,,,,,,,,,,,,,,,,,,,,,,,,,,,,,,,,,,,,,,,,,,,,,
D-HOE120,Bradenton,5/30/2025,Splice Only,TBD,David,MAN90857,83,Completed on Track,Not Required,,2/28/2025,Yes,"2,908.95",Yes,Completed,Not Required,,,,,0,0,"3,371",100%,3/28/2025,100%,100%,100%,,,,,,,,,,,,,,,,,,,,,,,,,,,,,,,,,,,,,,,,,,,,,,,,,,,,,,,,,,,,,,,,,,,,,,,,,,,,,,,,,,,,,,,,,,,,
D-HWP801,Lakeland,7/30/2025,Brothers,5/19/2025,Anthony,PLK95087,90,Completed on Track,Received,,5/20/2025,Yes,"43,097.65",Yes,Completed,6/2/2025,In Progress,,,,"3,309","3,194",0,96%,6/24/2025,0%,0%,0%,NEED NTP per James. City of Lakeland Permit Received/dis for doortag and locates 5-19. 5/27-I asked Brothers to call in locates/doortags b/c they have not done so yet. / 6/9 doortagged 6/6 and loc called in 6/2 / 6/24- Brothers drilling 1044' / 1100' 6-25/ 1050' Path complete 6-26/pending qc form 7-1/needs change order,,,,,,,,,,,,,,,,,,,,,,,,,,,,,,,,,,,,,,,,,,,,,,,,,,,,,,,,,,,,,,,,,,,,,,,,,,,,,,,,,,,,,,,,,,,
D-HWP821,Lakeland,7/30/2025,Brothers,6/25/2025,Anthony,PLK96634,66,Completed on Track,Received,,6/25/2025,Yes,"32,940.45",Yes,Completed,6/25/2025,,,,,"2,067","2,937",0,144%,7/2/2025,0%,0%,0%,"dispatched 6-25,start eta 7.3 / 7/2 Brothers drilled 355' and drill broke down, will resume next week.",,,,,,,,,,,,,,,,,,,,,,,,,,,,,,,,,,,,,,,,,,,,,,,,,,,,,,,,,,,,,,,,,,,,,,,,,,,,,,,,,,,,,,,,,,,
D-HWP822,Lakeland,7/30/2025,Brothers,7/1/2025,Travis,PLK97098,43,Completed on Track,Received,,7/2/2025,Yes,"23,404.75",Yes,Completed,7/2/2025,,,,,"1,667","1,607",0,97%,7/15/2025,0%,0%,0%,"Needs City Permit, Just Email/ Assigned to Brothers 7-1/ 7/3- need city permit / 7/9- Pending clear locates, ESD 7/14-15",,,,,,,,,,,,,,,,,,,,,,,,,,,,,,,,,,,,,,,,,,,,,,,,,,,,,,,,,,,,,,,,,,,,,,,,,,,,,,,,,,,,,,,,,,,
D-HWP905,Lakeland,7/30/2025,Brothers,5/9/2025,Travis,PLK94794,60,Completed on Track,Received,,5/13/2025,Yes,"57,237.00",No,Completed,5/13/2025,6/10/2025,6/10/2025,6/10/2025,,"4,508","4,426",0,99%,6/4/2025,0%,0%,0%,DISPATCHED 5-9/ Locates called 5-12/Tillman Walkout completed 6-13/need other jobs done to pull fiber and splice in,,,,,,,,,,,,,,,,,,,,,,,,,,,,,,,,,,,,,,,,,,,,,,,,,,,,,,,,,,,,,,,,,,,,,,,,,,,,,,,,,,,,,,,,,,,
FB-H0220A,St Petersburg,3/26/2025,Longo Underground,2/20/2025,Tim,PPM89778,0,Completed,Received,,2/24/2025,Yes,"14,262.00",Yes,Completed,2/24/2025,7/15/2025,7/21/2025,,,826,575,0,70%,3/25/2025,0%,0%,0%,,,,,,,,,,,,,,,,,,,,,,,,,,,,,,,,,,,,,,,,,,,,,,,,,,,,,,,,,,,,,,,,,,,,,,,,,,,,,,,,,,,,,,,,,,,,
FB-H0221A,St Petersburg,3/26/2025,HAS Global,2/19/2025,Johnnie,PPM89791,0,Completed -Missed TSD,Received,,2/28/2025,Yes,"21,944.60",Yes,Completed,2/28/2025,7/8/2025,7/9/2025,7/10/2021,7/11/2025,"1,695","1,634",0,96%,3/18/2025,100%,100%,100%,5/14/2025 PENDING RESTO / TILLMAN / LIGHT LEVELS,,,,,,,,,,,,,,,,,,,,,,,,,,,,,,,,,,,,,,,,,,,,,,,,,,,,,,,,,,,,,,,,,,,,,,,,,,,,,,,,,,,,,,,,,,,
FB-H0222A,St Petersburg,2/23/2025,Bartlett Fiber,2/7/2025,Caten,PPM88374,0,Completed -Missed TSD,Received,,2/7/2025,Yes,"20,939.75",Yes,Completed,2/5/2025,7/15/2025,7/22/2025,,,"1,235","1,160",0,95%,3/11/2025,100%,100%,100%,,,,,,,,,,,,,,,,,,,,,,,,,,,,,,,,,,,,,,,,,,,,,,,,,,,,,,,,,,,,,,,,,,,,,,,,,,,,,,,,,,,,,,,,,,,,
FB-H0223A,St Petersburg,2/23/2025,Power Connect ,2/6/2025,Robert,PPM89789,0,Completed -Missed TSD,Received,,1/29/2025,Yes,"22,755.70",Yes,Completed,2/5/2025,7/15/2025,7/23/2025,7/23/2025,,"1,735","1,718",0,100%,3/13/2025,100%,100%,100%,2-14/need to get tied ins together*,,,,,,,,,,,,,,,,,,,,,,,,,,,,,,,,,,,,,,,,,,,,,,,,,,,,,,,,,,,,,,,,,,,,,,,,,,,,,,,,,,,,,,,,,,,
FB-HDH01A-2A,St Petersburg,6/30/2025,In House,6/16/2025,Johnnie,PPM96333,0,Completed on Track,Received,,TBD,Yes,"1,594.00",Yes,Completed,6/10/2025,7/11/2025,7/14/2025,7/15/2025,7/21/2025,65,65,0,100%,6/23/2025,0%,0%,0%,"Partial Completed--SOW Shows The Whole Project, But This Is To Complete 4100' Left On The Project.",,,,,,,,,,,,,,,,,,,,,,,,,,,,,,,,,,,,,,,,,,,,,,,,,,,,,,,,,,,,,,,,,,,,,,,,,,,,,,,,,,,,,,,,,,,
FB-HDH02A,St Petersburg,6/25/2025,Multiple,TBD,EVERYONE,PPM87852,0,Completed on Track,Received,,Completed,Yes,"289,634.75",Yes,Completed,2/5/2025,7/11/2025,7/14/2025,,,"22,725","19,837",0,87%,1/17/2025,0%,0%,0%,5/14/2025 JW | LOCATES SENT TO LAUREN TO BE CALLED IN 5/15/2025. 7-18-25 finishing gig list.,,,,,,,,,,,,,,,,,,,,,,,,,,,,,,,,,,,,,,,,,,,,,,,,,,,,,,,,,,,,,,,,,,,,,,,,,,,,,,,,,,,,,,,,,,,
FB-HDH275,St Petersburg,3/26/2025,HDD Underground,2/20/2025,Betsy,PPM89801,0,Completed on Track,Received,,2/26/2025,Yes,"93,462.85",Yes,Completed,2/21/2025,,,,,"7,497","7,248",0,96%,3/12/2025,100%,100%,100%,,,,,,,,,,,,,,,,,,,,,,,,,,,,,,,,,,,,,,,,,,,,,,,,,,,,,,,,,,,,,,,,,,,,,,,,,,,,,,,,,,,,,,,,,,,,
FB-HOE117,Bradenton,2/23/2025,Brothers,2/19/2025,Allen,MAN89824,0,Completed on Track,Received,,2/13/2025,Yes,"111,163.00",Yes,Completed,3/2/2025,7/14/2025,7/15/2025,7/15/2025,7/16/2025,"7,805","7,969",0,102%,3/24/2025,100%,95%,95%,2-14-2025 On Hold Per Tillman--Manatee County.,,,,,,,,,,,,,,,,,,,,,,,,,,,,,,,,,,,,,,,,,,,,,,,,,,,,,,,,,,,,,,,,,,,,,,,,,,,,,,,,,,,,,,,,,,,
FB-HOE201,Bradenton,11/30/2025,Brothers / Power Connect,3/19/2025,Joshua,MAN91981,0,Completed on Track,Received,,3/2/2025,Yes,"200,394.10",Yes,Completed,2/28/2025,,,,,"15,386","15,339",0,100%,3/31/2025,0%,0%,0%,,,,,,,,,,,,,,,,,,,,,,,,,,,,,,,,,,,,,,,,,,,,,,,,,,,,,,,,,,,,,,,,,,,,,,,,,,,,,,,,,,,,,,,,,,,,
FB-HWP175,Lakeland,6/30/2025,Brothers,6/9/2025,Travis,PLK96355,0,Completed on Track,Received,,6/13/2025,Yes,"23,436.55",Yes,Completed,6/9/2025,In Progress,,,,"1,769",924,0,53%,6/23/2025,0%,0%,0%,"portion on 10th st is built previously,needs proffed and tie piont on mlk with 144/6-17 tentative con  date. 6/18- Brothers driller not working today, ESD 6/23/ring cut to hand off to mdu project/952' 6-23/fiber to pull 6-26",,,,,,,,,,,,,,,,,,,,,,,,,,,,,,,,,,,,,,,,,,,,,,,,,,,,,,,,,,,,,,,,,,,,,,,,,,,,,,,,,,,,,,,,,,,
FB-HWP401,Lakeland,2/28/2025,HH Underground,2/26/2025,Anthony,,0,Completed,Received,,Completed,No,0.00,No,Completed,2/20/2025,2/26/2025,2/26/2025,2/26/2025,,120,120,0,100%,2/26/2025,100%,100%,100%,Hand Dig Tie In For Tillman.*complete,,,,,,,,,,,,,,,,,,,,,,,,,,,,,,,,,,,,,,,,,,,,,,,,,,,,,,,,,,,,,,,,,,,,,,,,,,,,,,,,,,,,,,,,,,,
FB-HWP701,Lakeland,5/28/2025,Brothers,2/7/2025,Anthony,PLK89265,0,Completed on Track,Received,,2/17/2025,Yes,"88,491.80",Yes,Completed,2/17/2025,6/5/2025,6/6/2025,6/16/2025,,"6,504","6,475",0,100%,3/5/2025,0%,0%,0%,"gave to power connect 2-17-25/START 2-26/exp 811 2-26/not clear 3-4@730am/3-4 3rd notice called into to 811 8am/ partial locates work sch 3-5 tin in to 713 locates not complete 3-4 @3pm/ Expedited 4pm 3-4/*do not build peice ro 703(ada x-ing)/ Expedited locates 4pm 3-5/pending zayo marks 3-7/talked to state manager for zayo, he is dending them asap to locate/Zayo marked. 3-10 Power connect drilling, Returning 3-11 to connect Griffin Rd to N Florida and pull 48f. 3/12-IP, 100' left to bore on Kalt Dr. to tie in D-HWP713, 48f pull. 3/13- x-ing at Martha call locates 3-13 for ls to complete/. 3/13- locs called/whitelined, IH crew to dig up 144 and place 48f so D701,D705 and D702 can be heated up. 3/17- still pending clear loc for Martha(will expedite tmrw), Tillman aprvd a bore to get a 48f from FB to D701 loc called 3.14./504' 4-10/dot sch for 5-13 9am/ 5/7- DOT Xing scheduled for Tuesday 5/13. Expedited tickets 5-8*fs sch 5-22/ DOT crossing sch 5-20. 5/14 1190' today, will return on 5/20 to complete remaining path. / 5/19 Brothers said they were doing this bore on 5.20 and made  a mistake with the date, it is scheduled for 5.21 and the fiber to be pulled in on the same day. / 6/5- Tillman walking today",,,,,,,,,,,,,,,,,,,,,,,,,,,,,,,,,,,,,,,,,,,,,,,,,,,,,,,,,,,,,,,,,,,,,,,,,,,,,,,,,,,,,,,,,,,
FB-HWP801,Lakeland,6/30/2025,Brothers,5/9/2025,Anthony,PLK94839,0,Completed on Track,Received,,5/13/2025,Yes,"63,283.00",Yes,Completed,5/13/2025,6/5/2025,6/6/2025,6/20/2025,7/8/2025,"4,390","5,484",0,125%,5/19/2025,100%,0%,0%,"Dispatched 5-9/Door Tag 5-14 & whitelned 5-13 / 5/19 Both permits received, requested ticket info from Brothers. 5/19 Brothers 644', return tmrw/ 5/20 Brothers drilling 1430' 3 HH., return on 5/21.  Brother drilling 970', DOT Xing sched 5/27 9am. / 5/27 DOT Xing comp. Brothers 948' 3 HH. / 6/2- 1957' 8 HH. Will QC on 6.3 and brothers is getting back to LS on fiber sched. / 6/5- fiber placed, scheduling Tillman walkout for 6-6 / ",,,,,,,,,,,,,,,,,,,,,,,,,,,,,,,,,,,,,,,,,,,,,,,,,,,,,,,,,,,,,,,,,,,,,,,,,,,,,,,,,,,,,,,,,,,
FB-HWP902,Lakeland,7/30/2025,Lightspeed In-House,7/1/2025,Travis,PLK97335,0,Completed on Track,Received,,6/30/2025,Yes,"12,586.25",Yes,Completed,6/30/2025,,,,,765,786,0,103%,7/7/2025,0%,0%,0%,Restoration 7-14/passed tillman qc,,,,,,,,,,,,,,,,,,,,,,,,,,,,,,,,,,,,,,,,,,,,,,,,,,,,,,,,,,,,,,,,,,,,,,,,,,,,,,,,,,,,,,,,,,,
FB-HWP1302,Lakeland,7/30/2025,Lightspeed In-House,7/11/2025,,PLK97344,0,Completed on Track,Received,,7/10/2025,Yes,"1,206.00",Yes,Completed,7/10/2025,,,,,90,90,0,100%,7/16/2025,0%,0%,0%,SCH 7/16,,,,,,,,,,,,,,,,,,,,,,,,,,,,,,,,,,,,,,,,,,,,,,,,,,,,,,,,,,,,,,,,,,,,,,,,,,,,,,,,,,,,,,,,,,,
FX4-FWP-13,Lakeland,5/10/2025,Brothers,4/16/2025,Anthony,PLK93160,0,Completed on Track,Received,,Completed,Yes,"3,707.30",Yes,Completed,4/16/2025,6/9/2025,6/10/2025,6/10/2025,,143,143,0,100%,4/21/2025,0%,0%,100%,"dispatched 4-16/cabinet in Polk/sch pour 4-18/ 4-23 cabinet/vault/trenching/restoration complete. Warehouse picking up bollards today./4-24 Brothers to set bollards(4.25), pending revision from Tillman/LE for pwr path. / 5/7 - still pending revision from Tillman to complete path to pwr source. / 6/9 new path to power riser completed, emailed MAC electric to let them know. 6/18- MAK working with LE for power. / 6/24- Per MAK, pwr inspection has passed and LE will install metter within 5-10 business days.",,,,,,,,,,,,,,,,,,,,,,,,,,,,,,,,,,,,,,,,,,,,,,,,,,,,,,,,,,,,,,,,,,,,,,,,,,,,,,,,,,,,,,,,,,,
FX4-FML-05,St Petersburg,7/24/2025,Brothers,4/25/2025,Johnnie,PPM93377,0,Completed on Track,Received,,TBD,Yes,"4,397.65",Yes,Completed,7/14/2025,,,,,47,47,0,100%,7/18/2025,0%,0%,0%,,,,,,,,,,,,,,,,,,,,,,,,,,,,,,,,,,,,,,,,,,,,,,,,,,,,,,,,,,,,,,,,,,,,,,,,,,,,,,,,,,,,,,,,,,,,
Emma/N FL Vault Move,Lakeland,,Lightspeed In-House,4/21/2025,Anthony,,0,Completed,Not Required,,Not Required,No,BAU Work,No,Completed,Not Required,N/A,N/A,N/A,,3,3,0,100%,4/21/2025,0%,0%,100%,completed 4-21*need to bill,,,,,,,,,,,,,,,,,,,,,,,,,,,,,,,,,,,,,,,,,,,,,,,,,,,,,,,,,,,,,,,,,,,,,,,,,,,,,,,,,,,,,,,,,,,
FHD302B Vault Move,Lakeland,,Lightspeed In-House,4/21/2025,Anthony,,0,Completed,Not Required,,Not Required,No,BAU Work,No,Completed,Not Required,N/A,N/A,N/A,,3,3,0,100%,4/21/2025,0%,0%,100%,"completed, need t o bill",,,,,,,,,,,,,,,,,,,,,,,,,,,,,,,,,,,,,,,,,,,,,,,,,,,,,,,,,,,,,,,,,,,,,,,,,,,,,,,,,,,,,,,,,,,
,,,,,,,,,,,,,,,,,,,,,,,,,,,,,,,,,,,,,,,,,,,,,,,,,,,,,,,,,,,,,,,,,,,,,,,,,,,,,,,,,,,,,,,,,,,,,,,,,,,,,,,,,,,,,,,,,,,,,,,,
,,,,,,,,,,,,,,,,,,,,,,,,,,,,,,,,,,,,,,,,,,,,,,,,,,,,,,,,,,,,,,,,,,,,,,,,,,,,,,,,,,,,,,,,,,,,,,,,,,,,,,,,,,,,,,,,,,,,,,,,
,,,,,,,,,,,,,,,,,,,,,,,,,,,,,,,,,,,,,,,,,,,,,,,,,,,,,,,,,,,,,,,,,,,,,,,,,,,,,,,,,,,,,,,,,,,,,,,,,,,,,,,,,,,,,,,,,,,,,,,,
,,,,,,,,,,,,,,,,,,,,,,,,,,,,,,,,,,,,,,,,,,,,,,,,,,,,,,,,,,,,,,,,,,,,,,,,,,,,,,,,,,,,,,,,,,,,,,,,,,,,,,,,,,,,,,,,,,,,,,,,
,,,,,,,,,,,,,,,,,,,,,,,,,,,,,,,,,,,,,,,,,,,,,,,,,,,,,,,,,,,,,,,,,,,,,,,,,,,,,,,,,,,,,,,,,,,,,,,,,,,,,,,,,,,,,,,,,,,,,,,,
,,,,,,,,,,,,,,,,,,,,,,,,,,,,,,,,,,,,,,,,,,,,,,,,,,,,,,,,,,,,,,,,,,,,,,,,,,,,,,,,,,,,,,,,,,,,,,,,,,,,,,,,,,,,,,,,,,,,,,,,
,,,,,,,,,,,,,,,,,,,,,,,,,,,,,,,,,,,,,,,,,,,,,,,,,,,,,,,,,,,,,,,,,,,,,,,,,,,,,,,,,,,,,,,,,,,,,,,,,,,,,,,,,,,,,,,,,,,,,,,,
,,,,,,,,,,,,,,,,,,,,,,,,,,,,,,,,,,,,,,,,,,,,,,,,,,,,,,,,,,,,,,,,,,,,,,,,,,,,,,,,,,,,,,,,,,,,,,,,,,,,,,,,,,,,,,,,,,,,,,,,
,,,,,,,,,,,,,,,,,,,,,,,,,,,,,,,,,,,,,,,,,,,,,,,,,,,,,,,,,,,,,,,,,,,,,,,,,,,,,,,,,,,,,,,,,,,,,,,,,,,,,,,,,,,,,,,,,,,,,,,,
,,,,,,,,,,,,,,,,,,,,,,,,,,,,,,,,,,,,,,,,,,,,,,,,,,,,,,,,,,,,,,,,,,,,,,,,,,,,,,,,,,,,,,,,,,,,,,,,,,,,,,,,,,,,,,,,,,,,,,,,
,,,,,,,,,,,,,,,,,,,,,,,,,,,,,,,,,,,,,,,,,,,,,,,,,,,,,,,,,,,,,,,,,,,,,,,,,,,,,,,,,,,,,,,,,,,,,,,,,,,,,,,,,,,,,,,,,,,,,,,,
,,,,,,,,,,,,,,,,,,,,,,,,,,,,,,,,,,,,,,,,,,,,,,,,,,,,,,,,,,,,,,,,,,,,,,,,,,,,,,,,,,,,,,,,,,,,,,,,,,,,,,,,,,,,,,,,,,,,,,,,
